{"name":"8fdcdf30-81c9-4df3-b0d0-197f84007902","id":"/providers/Microsoft.Flow/flows/8fdcdf30-81c9-4df3-b0d0-197f84007902","type":"Microsoft.Flow/flows","properties":{"apiId":"/providers/Microsoft.PowerApps/apis/shared_logicflows","displayName":"CreateTeamsMeeting","definition":{"metadata":{"workflowEntityId":null,"processAdvisorMetadata":null,"flowclientsuspensionreason":"None","flowclientsuspensiontime":null,"creator":{"id":"fd9e13a7-ca52-4b3b-8570-c8e7c9c009dd","type":"User","tenantId":"4ca0631e-91d6-485d-a9a9-62a55e25ae1f"},"provisioningMethod":"FromDefinition","failureAlertSubscription":true,"clientLastModifiedTime":"2021-12-31T00:55:36.1454547Z"},"$schema":"https://schema.management.azure.com/providers/Microsoft.Logic/schemas/2016-06-01/workflowdefinition.json#","contentVersion":"1.0.0.0","parameters":{"$connections":{"defaultValue":{},"type":"Object"},"$authentication":{"defaultValue":{},"type":"SecureObject"}},"triggers":{"manual":{"metadata":{"operationMetadataId":"1e150621-1114-4d84-98ce-633cfa5801b8"},"type":"Request","kind":"PowerApp","inputs":{"schema":{"type":"object","properties":{"Teams会議の作成_件名":{"type":"string","description":"イベントの件名","x-ms-powerflows-param-ispartial":false},"Teams会議の作成_メッセージ":{"type":"string","description":"メッセージの本文。","x-ms-powerflows-param-ispartial":false},"Teams会議の作成_開始時刻":{"type":"string","format":"date-no-tz","description":"イベントの開始時刻 (例: '2017-08-29T04:00:00')","x-ms-powerflows-param-ispartial":false},"Teams会議の作成_終了時刻":{"type":"string","format":"date-no-tz","description":"イベントの終了時刻 (例: '2017-08-29T05:00:00')","x-ms-powerflows-param-ispartial":false},"Teams会議の作成_必須の出席者":{"type":"string","format":"email","description":"イベントの必須出席者 (セミコロン区切り)","x-ms-powerflows-param-ispartial":false}},"required":["Teams会議の作成_件名","Teams会議の作成_メッセージ","Teams会議の作成_開始時刻","Teams会議の作成_終了時刻","Teams会議の作成_必須の出席者"]}}}},"actions":{"Teams_会議の作成":{"runAfter":{},"metadata":{"operationMetadataId":"95e42186-eb4b-4716-ad58-d71a01222010"},"type":"OpenApiConnection","inputs":{"host":{"apiId":"/providers/Microsoft.PowerApps/apis/shared_teams","connectionName":"shared_teams","operationId":"CreateTeamsMeeting"},"parameters":{"calendarid":"Calendar","item/subject":"@triggerBody()['Teams会議の作成_件名']","item/body/content":"@triggerBody()['Teams会議の作成_メッセージ']","item/timeZone":"Tokyo Standard Time","item/start/dateTime":"@triggerBody()['Teams会議の作成_開始時刻']","item/end/dateTime":"@triggerBody()['Teams会議の作成_終了時刻']","item/requiredAttendees":"@triggerBody()['Teams会議の作成_必須の出席者']"},"authentication":{"value":"@json(decodeBase64(triggerOutputs().headers['X-MS-APIM-Tokens']))['$ConnectionKey']","type":"Raw"}}}},"outputs":{},"description":"Power Apps のボタンまたはリンクがクリックされたときに起動する 1 つ以上のアクションを作成します。Power App からこのフローを使用するには、フローをトリガーするためのコントロールを選択し、Power Apps のリボンの [アクション] タブに移動して、[フロー] を選択します。"},"connectionReferences":{"shared_teams":{"connectionName":"3f425c20b310477ab502f160c7429b7e","source":"Invoker","id":"/providers/Microsoft.PowerApps/apis/shared_teams","tier":"NotSpecified"}},"flowFailureAlertSubscribed":false}}