{"schemaVersion":"1.0","appDefinitionTemplate":{"id":"/providers/Microsoft.PowerApps/apps/","type":"Microsoft.PowerApps/apps","tags":{"primaryDeviceWidth":"1366","primaryDeviceHeight":"768","sienaVersion":"20211231T130651Z-3.21115.37.0","deviceCapabilities":"","supportsPortrait":"true","supportsLandscape":"true","primaryFormFactor":"Tablet","publisherVersion":"3.21115.37","minimumRequiredApiVersion":"2.2.0","hasComponent":"false","hasUnlockedComponent":"false","isUnifiedRootApp":"false"},"properties":{"appVersion":"2021-12-31T13:06:51Z","lifeCycleId":"Published","createdByClientVersion":{"major":3,"minor":21115,"build":37,"revision":0,"majorRevision":0,"minorRevision":0},"minClientVersion":{"major":3,"minor":21115,"build":37,"revision":0,"majorRevision":0,"minorRevision":0},"backgroundColor":"rgba(9, 33, 98, 1)","backgroundImageUri":"/10785282895526897622/N7acea0f3-cde6-4baf-9b2d-bfec4646168c-logoSmallFile","displayName":"組織階層アドレス帳","description":"","commitMessage":"","appUris":{"documentUri":{"value":"/10785282895526897622/N9f82d86f-b3a6-4a13-b1a3-5ae280e0ba03-document.msapp"},"imageUris":[]},"createdTime":"0001-01-01T00:00:00Z","lastModifiedTime":"0001-01-01T00:00:00Z","sharedGroupsCount":0,"sharedUsersCount":0,"icons":{"smallIconUri":"/10785282895526897622/N64630897-052f-44ef-b8bf-652619973c59-small.png","mediumIconUri":"/10785282895526897622/Nc486ff72-0831-4b22-8bd1-afd483ece86c-medium.png","largeIconUri":"/10785282895526897622/Nb379801b-bd81-4d59-bb00-8fba836aa28a-large.png","wideIconUri":"/10785282895526897622/Na3260801-d151-48e3-b022-c6c220cabf34-wide.png"},"connectionReferences":{"28d777a3-3d28-4aa6-8179-39756374fa6d":{"id":"b80ecd35-2271-437f-911c-4ecb50c8062f","displayName":"SharePoint","iconUri":"https://connectoricons-prod.azureedge.net/releases/v1.0.1539/1.0.1539.2620/sharepointonline/icon.png","dataSources":["ListEmp","ListOrg"],"dependencies":[],"dependents":[],"parameterHints":{},"parameterHintsV2":{},"isOnPremiseConnection":false,"bypassConsent":false,"dataSets":{"https://yycity.sharepoint.com/sites/demo":{"dataSources":{"ListEmp":{"tableName":"fae74e02-8e30-4698-8314-b9f8acae3a1c"},"ListOrg":{"tableName":"b127eb45-43a1-489a-8b29-24373242560f"}}}},"apiTier":"Standard","isCustomApiConnection":false,"actions":["providers/PowerPlatform.Governance/Operations/Read"]},"df27bf0a-7585-43cb-829e-73cc989c4b3b":{"id":"1554f7d7-5b89-4f46-b5f7-b6e14a31736b","displayName":"Office 365 ユーザー","iconUri":"https://connectoricons-prod.azureedge.net/releases/v1.0.1542/1.0.1542.2635/office365users/icon.png","dataSources":["Office365ユーザー"],"dependencies":[],"dependents":["c06db621-d5ed-4691-b966-29669712dedd"],"parameterHints":{},"parameterHintsV2":{},"isOnPremiseConnection":false,"bypassConsent":false,"dataSets":{},"apiTier":"Standard","isCustomApiConnection":false,"actions":["MyProfile","SearchUser","UserPhotoV2","SearchUserV2","UserPhotoMetadata","UserPhoto","UserProfileV2"]},"c06db621-d5ed-4691-b966-29669712dedd":{"id":"7841f78e-0f24-414a-a830-93f538530364","displayName":"ロジック フロー","iconUri":"https://connectoricons-prod.azureedge.net/releases/v1.0.1534/1.0.1534.2605/logicflows/icon.png","dataSources":["UpdateProfile"],"dependencies":["df27bf0a-7585-43cb-829e-73cc989c4b3b"],"dependents":[],"parameterHints":{"workflowName":{"value":"1a4fec05-70a5-4f49-a54c-49bef60406e1"},"workflowEntityId":{},"df27bf0a-7585-43cb-829e-73cc989c4b3b":{"value":"shared_office365users"}},"parameterHintsV2":{"workflowName":{"value":"1a4fec05-70a5-4f49-a54c-49bef60406e1"},"workflowEntityId":{},"shared_office365users":{"value":"df27bf0a-7585-43cb-829e-73cc989c4b3b"}},"isOnPremiseConnection":false,"bypassConsent":false,"dataSets":{},"apiTier":"Standard","isCustomApiConnection":false,"actions":["Run"]},"3dce325d-f01e-417f-a14e-92d8494d504a":{"id":"5b9efb12-b701-40d3-9eb5-051316d8cfad","displayName":"Office 365 Outlook","iconUri":"https://connectoricons-prod.azureedge.net/releases/v1.0.1538/1.0.1538.2621/office365/icon.png","dataSources":["Office365Outlook"],"dependencies":[],"dependents":[],"parameterHints":{},"parameterHintsV2":{},"isOnPremiseConnection":false,"bypassConsent":false,"dataSets":{},"apiTier":"Standard","isCustomApiConnection":false,"actions":["FindMeetingTimesV2"]},"80397b8c-35ff-4965-b416-92957bebcbfe":{"id":"7841f78e-0f24-414a-a830-93f538530364","displayName":"ロジック フロー","iconUri":"https://connectoricons-prod.azureedge.net/releases/v1.0.1534/1.0.1534.2605/logicflows/icon.png","dataSources":["CreateTeamsMeeting"],"dependencies":["1f6e87fa-e3b5-48ab-a088-a3500c481b22"],"dependents":[],"parameterHints":{"workflowName":{"value":"50d64e8a-4504-4cde-9515-0b4e1a41ce04"},"workflowEntityId":{},"1f6e87fa-e3b5-48ab-a088-a3500c481b22":{"value":"shared_teams"}},"parameterHintsV2":{"workflowName":{"value":"50d64e8a-4504-4cde-9515-0b4e1a41ce04"},"workflowEntityId":{},"shared_teams":{"value":"1f6e87fa-e3b5-48ab-a088-a3500c481b22"}},"isOnPremiseConnection":false,"bypassConsent":false,"dataSets":{},"apiTier":"Standard","isCustomApiConnection":false,"actions":["Run"]},"1f6e87fa-e3b5-48ab-a088-a3500c481b22":{"id":"97998a2c-34ed-4d71-8517-fe796063cb39","displayName":"Microsoft Teams","iconUri":"https://connectoricons-prod.azureedge.net/releases/v1.0.1542/1.0.1542.2635/teams/icon.png","dataSources":[],"dependencies":[],"dependents":["80397b8c-35ff-4965-b416-92957bebcbfe"],"parameterHints":{},"parameterHintsV2":{},"isOnPremiseConnection":false,"bypassConsent":false,"dataSets":{},"apiTier":"Standard","isCustomApiConnection":false}},"databaseReferences":{},"almMode":"Environment","performanceOptimizationEnabled":true,"canConsumeAppPass":true,"executionRestrictions":{"isTeamsOnly":false,"dataLossPreventionEvaluationResult":{"status":"Compliant","lastEvaluationDate":"2021-11-08T07:26:33.6981154Z","violations":[],"violationsByPolicy":[],"violationErrorMessage":"このアプリでは、次のコネクタが使用されます: shared_sharepointonline。"}}},"appType":"ClassicCanvasApp","appComponents":[]}}