{"name":"5d144600-4fc8-46e9-b914-95f30ca7b645","id":"/providers/Microsoft.Flow/flows/5d144600-4fc8-46e9-b914-95f30ca7b645","type":"Microsoft.Flow/flows","properties":{"apiId":"/providers/Microsoft.PowerApps/apis/shared_logicflows","displayName":"UpdateProfile","definition":{"metadata":{"workflowEntityId":null,"processAdvisorMetadata":null,"flowclientsuspensionreason":"None","flowclientsuspensiontime":null,"creator":{"id":"fd9e13a7-ca52-4b3b-8570-c8e7c9c009dd","type":"User","tenantId":"4ca0631e-91d6-485d-a9a9-62a55e25ae1f"},"provisioningMethod":"FromDefinition","failureAlertSubscription":true,"clientLastModifiedTime":"2021-12-13T15:16:55.3529147Z"},"$schema":"https://schema.management.azure.com/providers/Microsoft.Logic/schemas/2016-06-01/workflowdefinition.json#","contentVersion":"1.0.0.0","parameters":{"$connections":{"defaultValue":{},"type":"Object"},"$authentication":{"defaultValue":{},"type":"SecureObject"}},"triggers":{"manual":{"metadata":{"operationMetadataId":"1ba2bed5-9e27-41a4-95c9-74d6e8b1ba44"},"type":"Request","kind":"PowerAppV2","inputs":{"schema":{"type":"object","properties":{"text":{"title":"type","type":"string","x-ms-dynamically-added":true,"description":"type","x-ms-content-hint":"TEXT"},"text_1":{"title":"value","type":"string","x-ms-dynamically-added":true,"description":"value","x-ms-content-hint":"TEXT"}},"required":["text","text_1"]}}}},"actions":{"変数を初期化する-skills":{"runAfter":{"変数を初期化する-aboutMe":["Succeeded"]},"metadata":{"operationMetadataId":"96b3dec0-2e00-468d-9902-5dbeba96f4ae"},"type":"InitializeVariable","inputs":{"variables":[{"name":"skills","type":"array","value":[]}]},"description":"既存データを格納する配列"},"マイ_プロフィールの更新":{"runAfter":{"スイッチ":["Succeeded"]},"metadata":{"operationMetadataId":"13624224-7ada-41ec-9f82-bc959faae94f"},"type":"OpenApiConnection","inputs":{"host":{"apiId":"/providers/Microsoft.PowerApps/apis/shared_office365users","connectionName":"shared_office365users","operationId":"UpdateMyProfile"},"parameters":{"body/aboutMe":"@variables('aboutMe')","body/interests":"@variables('interests')","body/skills":"@variables('skills')"},"authentication":{"value":"@json(decodeBase64(triggerOutputs().headers['X-MS-APIM-Tokens']))['$ConnectionKey']","type":"Raw"}}},"変数を初期化する-interests":{"runAfter":{"変数を初期化する-skills":["Succeeded"]},"metadata":{"operationMetadataId":"96b3dec0-2e00-468d-9902-5dbeba96f4ae"},"type":"InitializeVariable","inputs":{"variables":[{"name":"interests","type":"array","value":[]}]},"description":"既存データを格納する配列"},"変数を初期化する-aboutMe":{"runAfter":{},"metadata":{"operationMetadataId":"96b3dec0-2e00-468d-9902-5dbeba96f4ae"},"type":"InitializeVariable","inputs":{"variables":[{"name":"aboutMe","type":"string"}]},"description":"既存データを格納する配列"},"マイ_プロフィールの取得_(V2)":{"runAfter":{"変数を初期化する-newArray":["Succeeded"]},"metadata":{"operationMetadataId":"4716b161-5b25-461a-9b28-346e6492d7dc"},"type":"OpenApiConnection","inputs":{"host":{"apiId":"/providers/Microsoft.PowerApps/apis/shared_office365users","connectionName":"shared_office365users","operationId":"MyProfile_V2"},"parameters":{},"authentication":{"value":"@json(decodeBase64(triggerOutputs().headers['X-MS-APIM-Tokens']))['$ConnectionKey']","type":"Raw"}}},"スイッチ":{"runAfter":{"変数設定":["Succeeded"]},"cases":{"UpdateInterests":{"case":"UpdateInterests","actions":{"配列変数に追加-interests":{"runAfter":{},"type":"AppendToArrayVariable","inputs":{"name":"interests","value":"@triggerBody()['text_1']"}}}},"UpdateSkills":{"case":"UpdateSkills","actions":{"配列変数に追加-skills":{"runAfter":{},"type":"AppendToArrayVariable","inputs":{"name":"skills","value":"@triggerBody()['text_1']"}}}},"DeleteInterests":{"case":"DeleteInterests","actions":{"Apply_to_each-interests":{"foreach":"@variables('interests')","actions":{"条件-newInterests":{"actions":{"配列変数に追加-newInterests":{"runAfter":{},"type":"AppendToArrayVariable","inputs":{"name":"newArray","value":"@items('Apply_to_each-interests')"}}},"runAfter":{},"expression":{"not":{"contains":["@items('Apply_to_each-interests')","@triggerBody()['text_1']"]}},"type":"If"}},"runAfter":{},"type":"Foreach"},"変数の設定-interestsを書き戻す":{"runAfter":{"Apply_to_each-interests":["Succeeded"]},"type":"SetVariable","inputs":{"name":"interests","value":"@variables('newArray')"}}}},"DeleteSkills":{"case":"DeleteSkills","actions":{"Apply_to_each-skills":{"foreach":"@variables('skills')","actions":{"条件-newSkills":{"actions":{"配列変数に追加-newSkills":{"runAfter":{},"type":"AppendToArrayVariable","inputs":{"name":"newArray","value":"@items('Apply_to_each-skills')"}}},"runAfter":{},"expression":{"not":{"contains":["@items('Apply_to_each-skills')","@triggerBody()['text_1']"]}},"type":"If"}},"runAfter":{},"type":"Foreach"},"変数の設定-skillsを書き戻す":{"runAfter":{"Apply_to_each-skills":["Succeeded"]},"type":"SetVariable","inputs":{"name":"skills","value":"@variables('newArray')"}}}},"UpdateAboutMe":{"case":"UpdateAboutMe","actions":{"変数の設定":{"runAfter":{},"type":"SetVariable","inputs":{"name":"aboutMe","value":"@triggerBody()['text_1']"}}}}},"default":{"actions":{}},"expression":"@triggerBody()['text']","metadata":{"operationMetadataId":"050b4230-6e9a-498c-82ec-7ddd9bc3e2c7"},"type":"Switch"},"変数設定":{"actions":{"変数の設定-AboutMe":{"runAfter":{},"metadata":{"operationMetadataId":"25730561-4655-44b4-843e-c8c36a8df3ad"},"type":"SetVariable","inputs":{"name":"aboutMe","value":"@outputs('マイ_プロフィールの取得_(V2)')?['body/aboutMe']"}},"変数の設定-interests":{"runAfter":{"変数の設定-AboutMe":["Succeeded"]},"metadata":{"operationMetadataId":"d0f0ee84-6fd5-43cb-b23d-57ab4f47525b"},"type":"SetVariable","inputs":{"name":"interests","value":"@outputs('マイ_プロフィールの取得_(V2)')?['body/interests']"}},"変数の設定-skills":{"runAfter":{"変数の設定-interests":["Succeeded"]},"metadata":{"operationMetadataId":"374b574c-ecee-4635-b7eb-b22e54dc04ac"},"type":"SetVariable","inputs":{"name":"skills","value":"@outputs('マイ_プロフィールの取得_(V2)')?['body/skills']"}}},"runAfter":{"マイ_プロフィールの取得_(V2)":["Succeeded"]},"metadata":{"operationMetadataId":"28ad484c-c0a7-48c8-bfd5-1e05f7303c4f"},"type":"Scope"},"変数を初期化する-newArray":{"runAfter":{"変数を初期化する-interests":["Succeeded"]},"metadata":{"operationMetadataId":"991f4f36-ca47-4978-9fba-e5936753040c"},"type":"InitializeVariable","inputs":{"variables":[{"name":"newArray","type":"array","value":[]}]},"description":"削除後のデータを格納する配列"}},"outputs":{}},"connectionReferences":{"shared_office365users":{"connectionName":"987db681501f4487a619680f6a56fdb0","source":"Invoker","id":"/providers/Microsoft.PowerApps/apis/shared_office365users","tier":"NotSpecified"}},"flowFailureAlertSubscribed":false}}